loan_id,customer_id,loan_amount,interest_rate,loan_purpose,tenure_months,loan_start_date
5001,1801,640759,16.83,Personal,47,2021-08-17
5002,1270,825907,7.01,Business,12,2022-01-25
5003,1674,246824,13.15,Personal,55,2022-08-12
5004,1701,522214,5.37,Personal,53,2021-07-07
5005,1759,29403,13.37,Auto,25,2021-09-27
5006,1900,13681,8.6,Business,32,2022-08-30
5007,1728,363699,10.85,Personal,11,2021-11-06
5008,1315,915316,9.49,Home,32,2021-05-12
5009,1925,889554,7.25,Home,14,2022-07-05
5010,1851,649548,13.09,Home,58,2021-03-13
5011,1902,707652,16.47,Auto,50,2022-11-03
5012,1889,639674,17.47,Personal,36,2021-07-06
5013,1993,767666,7.5,Auto,26,2022-05-01
5014,1945,408845,14.33,Business,31,2021-07-10
5015,1168,103246,13.64,Business,45,2022-02-26
5016,1339,105864,9.46,Personal,53,2021-04-30
5017,1193,218886,5.25,Home,50,2021-08-08
5018,1453,280561,13.97,Personal,18,2021-02-22
5019,1283,391032,17.29,Personal,54,2022-03-27
5020,1336,175837,13.22,Personal,28,2022-02-16
5021,1390,870931,10.66,Auto,25,2022-10-05
5022,2000,927340,11.83,Business,42,2021-08-25
5023,1525,255160,7.6,Personal,59,2022-02-10
5024,1240,197646,14.76,Personal,58,2022-08-31
5025,1832,493761,14.7,Personal,33,2022-02-26
5026,1958,793566,6.89,Auto,22,2021-09-04
5027,1483,824107,16.41,Auto,33,2021-03-13
5028,1659,266681,8.5,Auto,46,2021-07-04
5029,1716,475483,17.77,Personal,7,2021-01-06
5030,1592,705923,9.98,Home,30,2021-07-25
5031,1891,545620,7.31,Home,55,2022-06-28
5032,1555,789105,9.57,Home,46,2022-09-03
5033,1458,815609,10.72,Business,11,2022-01-22
5034,1089,926992,5.9,Personal,16,2022-11-30
5035,1660,230326,12.52,Home,43,2021-03-17
5036,1095,733807,12.77,Home,11,2021-06-26
5037,1452,271849,14.61,Home,50,2021-12-15
5038,1428,329248,5.38,Personal,16,2021-09-12
5039,1151,356479,12.04,Home,19,2021-11-04
5040,1514,387082,5.69,Home,7,2021-12-11
5041,1376,90730,14.11,Personal,45,2021-05-07
5042,1022,408167,5.72,Business,8,2021-10-14
5043,1883,247474,16.85,Auto,58,2022-08-19
5044,1313,300477,14.13,Home,40,2022-05-02
5045,1997,293817,11.6,Auto,38,2022-01-18
5046,1840,910853,10.74,Business,29,2022-02-10
5047,1519,575158,6.7,Business,24,2022-01-23
5048,1206,263017,8.78,Home,23,2022-06-09
5049,1952,661824,16.3,Personal,54,2022-07-11
5050,1375,343245,16.76,Business,57,2022-10-01
5051,1451,819253,5.01,Auto,29,2022-09-18
5052,1626,35494,12.72,Auto,50,2021-10-03
5053,1784,633765,14.35,Auto,40,2022-05-15
5054,1595,398227,13.04,Auto,6,2021-12-03
5055,1179,739520,6.06,Business,41,2022-04-26
5056,1210,384842,7.83,Home,30,2021-09-30
5057,1500,383704,8.25,Home,50,2021-02-27
5058,1464,404051,15.81,Auto,54,2021-11-24
5059,1840,290790,11.02,Home,48,2021-04-19
5060,1124,133777,11.33,Auto,39,2021-10-06
5061,1993,611648,17.15,Auto,30,2022-11-17
5062,1113,309479,13.28,Personal,21,2021-11-24
5063,1012,865783,16.68,Business,39,2021-11-11
5064,1126,911366,10.93,Business,34,2022-04-19
5065,1565,143501,6.94,Auto,24,2021-04-21
5066,1331,314094,17.09,Business,28,2022-11-30
5067,1901,594942,10.96,Home,24,2021-08-17
5068,1283,379566,7.36,Auto,30,2022-05-12
5069,1140,382078,8.93,Personal,21,2021-06-05
5070,1401,129975,5.66,Home,59,2022-04-18
5071,1902,733503,11.09,Personal,56,2021-09-29
5072,1097,363330,16.09,Personal,14,2021-01-02
5073,1517,376378,17.14,Business,6,2022-05-26
5074,1569,636614,17.12,Business,47,2021-10-13
5075,1924,87527,6.63,Auto,24,2021-01-13
5076,1846,358848,9.97,Business,38,2022-08-31
5077,1069,958603,5.37,Personal,39,2022-05-13
5078,1118,442601,16.12,Personal,21,2021-08-26
5079,1888,176991,9.66,Home,49,2021-04-04
5080,1059,106952,13.2,Personal,45,2021-12-04
5081,1033,857214,14.29,Auto,23,2021-06-20
5082,1318,343260,10.59,Auto,39,2022-08-29
5083,1050,475806,8.98,Business,30,2022-10-23
5084,1880,886058,17.51,Business,50,2022-09-16
5085,1489,443603,17.54,Business,11,2022-07-21
5086,1019,681183,8.76,Auto,26,2022-04-12
5087,1726,56015,11.24,Personal,11,2022-09-20
5088,1197,112877,17.65,Business,37,2021-05-23
5089,1891,287483,5.06,Home,46,2021-07-20
5090,1450,533165,10.36,Business,53,2021-06-29
5091,1990,668851,6.31,Auto,48,2021-12-30
5092,1559,403922,11.62,Business,44,2022-04-24
5093,1679,631781,5.32,Personal,36,2022-07-19
5094,1452,681088,10.29,Business,47,2022-04-16
5095,1289,934501,7.87,Auto,15,2022-01-19
5096,1141,506753,11.93,Auto,35,2022-11-23
5097,1084,725768,17.95,Home,57,2022-02-21
5098,1694,985601,15.41,Auto,23,2021-11-04
5099,1391,401670,15.99,Home,29,2022-10-11
5100,1591,441739,13.26,Personal,57,2022-11-25
5101,1215,655936,5.54,Auto,14,2022-01-02
5102,1526,297307,7.69,Business,36,2021-01-01
5103,1215,683078,17.03,Personal,20,2021-02-13
5104,1403,621796,9.76,Business,9,2021-04-08
5105,1128,749127,6.35,Business,45,2021-09-22
5106,1822,311763,14.13,Business,14,2021-05-20
5107,1477,284270,8.89,Personal,50,2022-04-26
5108,1760,599214,8.5,Personal,14,2021-08-25
5109,1404,50633,17.97,Auto,31,2021-03-13
5110,1029,218726,16.16,Business,9,2022-10-29
5111,1792,13317,10.3,Home,22,2021-07-09
5112,1338,317124,17.74,Auto,21,2021-09-25
5113,1831,840547,13.45,Personal,20,2021-11-17
5114,1714,727006,14.65,Home,40,2021-04-17
5115,1361,839590,5.41,Personal,57,2021-08-20
5116,1569,721323,6.58,Home,10,2021-02-11
5117,1392,450847,13.23,Auto,10,2021-05-19
5118,1218,714676,16.69,Home,25,2022-09-07
5119,1574,377508,13.11,Auto,20,2022-11-14
5120,1669,462558,6.74,Personal,23,2021-09-30
5121,1202,287648,6.5,Home,52,2022-04-26
5122,1017,733953,15.97,Business,7,2022-02-20
5123,1322,429876,6.81,Business,34,2022-05-21
5124,1518,833628,11.76,Personal,18,2022-02-28
5125,1570,862370,5.48,Home,9,2022-02-11
5126,1325,936109,6.05,Business,47,2022-07-22
5127,1412,329532,13.74,Auto,50,2022-01-25
5128,1318,222369,13.96,Home,15,2021-12-08
5129,1681,589789,9.44,Home,36,2022-09-06
5130,1965,718669,7.8,Business,46,2022-05-08
5131,1082,37043,15.58,Auto,13,2021-07-11
5132,1474,43635,7.82,Auto,8,2022-05-14
5133,1468,220387,12.05,Auto,53,2021-08-21
5134,1425,90691,17.59,Home,51,2021-08-15
5135,1945,509730,6.92,Personal,14,2022-01-06
5136,1731,829564,17.23,Home,35,2021-05-19
5137,1689,811798,7.38,Home,58,2021-05-29
5138,1204,103944,12.38,Business,16,2021-04-25
5139,1583,737467,9.9,Personal,40,2022-03-26
5140,1387,465796,17.54,Auto,42,2021-03-04
5141,1778,911699,8.56,Business,47,2021-04-14
5142,1098,525578,10.2,Home,18,2022-10-30
5143,1345,985393,17.78,Personal,41,2021-09-30
5144,1803,49236,11.97,Auto,18,2021-01-06
5145,1208,276294,11.53,Auto,17,2021-05-27
5146,1514,383513,8.35,Home,42,2021-07-03
5147,1636,815855,14.12,Auto,15,2021-01-28
5148,1792,538425,5.19,Auto,14,2022-07-04
5149,1586,564280,5.64,Personal,57,2021-04-29
5150,1166,906972,12.79,Business,12,2021-10-20
5151,1022,125140,9.44,Personal,7,2022-01-06
5152,1154,185993,17.39,Business,59,2021-09-01
5153,1939,655513,16.74,Business,28,2022-08-03
5154,1439,482585,14.28,Business,44,2021-08-06
5155,1295,863349,15.64,Auto,45,2021-06-26
5156,1219,345834,13.68,Personal,44,2021-10-26
5157,1669,306379,6.63,Auto,26,2022-11-07
5158,1495,220047,14.95,Home,28,2021-02-27
5159,1230,553410,7.73,Personal,34,2021-09-26
5160,1020,296100,9.2,Business,19,2021-11-04
5161,1987,73879,15.65,Auto,31,2022-07-24
5162,1553,592848,11.97,Auto,56,2021-10-15
5163,1950,382454,16.18,Personal,10,2021-04-15
5164,1148,734045,7.77,Personal,36,2021-08-16
5165,1108,952164,12.9,Business,30,2021-09-04
5166,1403,247268,6.09,Business,36,2022-12-01
5167,1596,489280,13.36,Home,55,2022-05-09
5168,1483,517656,14.91,Business,25,2021-03-24
5169,1367,797600,12.6,Auto,49,2021-07-05
5170,1834,317268,8.46,Home,22,2021-09-09
5171,1414,701257,5.41,Home,50,2021-12-21
5172,1309,680392,6.55,Home,7,2022-11-27
5173,1802,324941,13.09,Personal,30,2021-07-29
5174,1918,831726,17.15,Business,18,2022-09-01
5175,1835,447043,7.68,Home,44,2022-03-23
5176,1134,799948,14.56,Personal,33,2022-04-05
5177,1719,160823,16.26,Personal,47,2022-04-17
5178,1283,564661,11.77,Home,11,2022-01-05
5179,1778,132026,13.7,Home,8,2022-05-07
5180,1073,40270,15.6,Auto,40,2021-05-17
5181,1481,937890,8.39,Home,23,2022-01-02
5182,1352,242931,8.86,Auto,16,2021-07-03
5183,1560,730177,5.01,Home,59,2022-08-11
5184,1326,75184,17.52,Home,25,2021-10-14
5185,1745,517532,16.93,Business,10,2022-04-17
5186,1443,745053,14.94,Home,24,2022-01-10
5187,1100,572167,6.03,Home,27,2022-10-16
5188,1059,321741,10.82,Auto,24,2022-06-21
5189,1508,966636,6.32,Auto,52,2022-05-26
5190,1258,13626,5.21,Business,21,2022-08-02
5191,1413,620224,13.01,Home,29,2021-09-07
5192,1452,505395,17.49,Home,46,2022-05-25
5193,1065,769161,16.74,Auto,9,2022-09-22
5194,1595,615803,14.06,Personal,20,2021-03-14
5195,1154,218137,6.26,Personal,30,2021-10-09
5196,1985,589678,8.56,Personal,49,2021-12-26
5197,1266,944149,9.16,Auto,40,2021-01-10
5198,1821,757320,14.92,Auto,19,2021-07-30
5199,1079,588432,15.43,Personal,54,2021-06-01
5200,1315,154454,10.01,Personal,24,2021-01-05
5201,1662,538313,10.43,Home,43,2021-07-14
5202,1947,446442,5.58,Auto,41,2021-10-10
5203,1560,351524,8.76,Auto,12,2022-04-09
5204,1917,264043,10.87,Personal,35,2021-04-23
5205,1891,653198,6.52,Personal,24,2021-09-28
5206,1248,472927,10.89,Business,54,2021-06-12
5207,1790,630343,16.09,Auto,30,2022-04-05
5208,1868,398333,12.56,Business,21,2021-04-15
5209,1610,740070,6.03,Home,52,2022-11-24
5210,1414,930947,7.49,Business,59,2022-07-10
5211,1025,817827,11.17,Personal,45,2021-10-09
5212,1284,807157,9.7,Auto,56,2022-11-18
5213,1449,567749,9.66,Auto,13,2021-06-11
5214,1881,268072,11.88,Business,23,2021-12-17
5215,1301,575403,12.6,Business,33,2022-03-10
5216,1068,120084,15.36,Home,21,2021-05-20
5217,1007,355876,9.43,Home,57,2022-04-16
5218,1817,483006,15.47,Personal,24,2021-05-12
5219,1137,351701,9.4,Personal,47,2021-03-28
5220,1164,867692,5.72,Personal,22,2022-11-19
5221,1083,694050,12.2,Business,50,2021-07-02
5222,1897,797839,12.64,Business,18,2022-01-03
5223,1650,83568,17.15,Auto,12,2021-05-09
5224,1420,68560,14.44,Personal,32,2021-09-03
5225,1073,974844,16.93,Business,15,2022-08-24
5226,1237,158866,16.81,Auto,39,2022-08-01
5227,1046,160953,12.86,Personal,41,2022-11-01
5228,1618,751652,11.86,Home,30,2022-01-13
5229,1928,771058,12.25,Home,11,2021-05-29
5230,1800,236024,17.72,Business,29,2022-03-09
5231,1262,190775,15.05,Auto,23,2022-09-20
5232,1176,971858,6.38,Home,28,2022-04-14
5233,1166,101288,15.12,Auto,11,2022-03-22
5234,1657,481678,7.22,Auto,34,2022-04-26
5235,1842,391164,10.82,Home,30,2021-10-21
5236,1370,895733,7.74,Auto,22,2021-05-23
5237,1795,784124,13.96,Home,51,2021-09-07
5238,1054,24390,16.41,Business,29,2021-10-29
5239,1690,507619,8.77,Personal,16,2021-01-25
5240,1419,228547,6.07,Personal,31,2021-03-11
5241,1756,561595,8.88,Business,56,2022-09-17
5242,1507,237436,13.74,Home,39,2021-04-22
5243,1341,235121,9.27,Home,33,2021-12-30
5244,1127,261063,8.62,Home,8,2021-10-30
5245,1409,34502,7.4,Home,16,2022-04-16
5246,1924,556774,11.47,Business,43,2021-04-01
5247,1367,383957,8.59,Personal,19,2022-06-14
5248,1271,703618,14.5,Auto,56,2022-10-23
5249,1644,723076,6.0,Auto,31,2022-10-25
5250,1605,238300,13.63,Personal,53,2021-07-11
5251,1379,113920,8.09,Business,26,2022-07-06
5252,1073,746854,11.36,Auto,59,2021-08-30
5253,1923,354912,8.72,Personal,44,2021-05-18
5254,1922,938252,14.4,Business,35,2021-12-11
5255,1915,597073,17.29,Auto,13,2021-06-29
5256,1248,610338,16.92,Home,56,2022-05-18
5257,1860,557026,12.58,Home,25,2021-07-22
5258,1785,84231,11.01,Business,53,2022-07-27
5259,1043,83606,15.64,Home,37,2021-07-11
5260,1377,496517,13.88,Business,27,2021-01-05
5261,1041,313806,7.39,Personal,12,2021-08-25
5262,1170,390457,15.67,Personal,14,2022-11-24
5263,1946,237369,10.58,Auto,50,2021-11-07
5264,1212,811555,7.46,Business,6,2022-07-03
5265,1493,503896,8.66,Auto,34,2021-02-25
5266,1680,166688,8.48,Auto,13,2022-03-19
5267,1039,505898,11.75,Personal,59,2021-08-25
5268,1369,283326,8.05,Auto,9,2021-07-16
5269,1757,886801,6.61,Home,40,2022-08-08
5270,1151,465229,6.61,Auto,8,2022-07-25
5271,1111,172403,12.58,Business,59,2022-05-29
5272,1480,711458,14.55,Home,50,2022-03-25
5273,1436,36128,9.18,Personal,45,2021-12-26
5274,1047,41556,5.45,Business,12,2022-12-01
5275,1575,268470,6.65,Home,32,2021-01-30
5276,1737,687236,16.89,Business,6,2021-04-18
5277,1366,150021,11.42,Home,32,2022-08-25
5278,1069,586250,10.9,Business,21,2022-03-21
5279,1299,624342,5.49,Business,43,2022-03-14
5280,1944,527200,14.47,Home,12,2022-08-29
5281,1802,212278,11.86,Personal,49,2022-04-02
5282,1296,558387,7.63,Personal,28,2022-09-07
5283,1203,245943,6.43,Business,46,2022-11-29
5284,1061,940220,9.98,Business,16,2022-11-27
5285,1946,193683,15.88,Personal,47,2022-05-10
5286,1963,704245,16.25,Personal,58,2022-11-05
5287,1830,325288,12.84,Auto,38,2021-09-04
5288,1314,206292,14.46,Personal,55,2022-06-27
5289,1161,542125,6.5,Business,41,2022-07-18
5290,1331,190427,12.65,Home,42,2022-08-11
5291,1528,188371,13.67,Personal,46,2022-03-15
5292,1338,946663,7.61,Auto,22,2021-10-05
5293,1606,921644,16.44,Auto,40,2022-07-06
5294,1304,913112,7.53,Auto,53,2022-09-05
5295,1503,782291,9.08,Home,10,2021-04-21
5296,1650,378946,13.07,Personal,53,2022-01-20
5297,1338,636701,13.3,Personal,37,2021-07-10
5298,1550,61012,14.09,Personal,8,2022-05-05
5299,1639,140193,6.46,Home,57,2022-11-25
5300,1275,986809,16.04,Home,52,2022-03-02
5301,1164,228168,11.93,Business,40,2022-02-09
5302,1443,158178,11.13,Auto,57,2021-12-01
5303,1319,68123,17.75,Auto,19,2021-07-28
5304,1589,121825,14.62,Personal,53,2021-01-22
5305,1504,543008,6.53,Home,36,2022-11-09
5306,1686,178733,14.84,Home,36,2022-09-03
5307,1387,780391,6.24,Personal,22,2021-07-27
5308,1970,234970,5.36,Personal,29,2021-01-08
5309,1870,234866,10.25,Business,57,2022-11-18
5310,1833,948624,17.92,Auto,28,2022-06-13
5311,1888,160862,7.27,Auto,23,2022-08-25
5312,1603,592943,13.74,Auto,55,2022-10-15
5313,1750,725003,7.25,Business,59,2022-10-19
5314,1776,627736,14.42,Personal,19,2021-06-15
5315,1691,188446,11.57,Personal,55,2022-05-11
5316,1494,708267,13.84,Auto,20,2022-08-13
5317,1490,191143,7.64,Auto,20,2022-03-05
5318,1721,654795,14.69,Business,11,2021-06-12
5319,1073,306956,17.94,Home,32,2022-01-01
5320,1509,846002,13.65,Home,20,2022-06-10
5321,1390,323045,11.42,Auto,55,2021-08-27
5322,1619,70186,17.0,Business,41,2021-03-13
5323,1857,132066,5.21,Auto,13,2022-03-21
5324,1295,400508,14.49,Home,20,2022-10-17
5325,1369,715611,16.55,Auto,8,2022-05-24
5326,1956,730531,5.8,Home,52,2021-09-26
5327,1796,46160,10.85,Home,18,2022-02-19
5328,1865,29156,7.66,Home,46,2021-09-02
5329,1694,86208,12.36,Personal,39,2022-11-06
5330,1549,483196,13.44,Personal,29,2021-03-01
5331,1649,475536,8.93,Auto,45,2021-01-06
5332,1850,683289,10.98,Home,37,2022-07-24
5333,1568,469822,8.63,Personal,37,2022-02-11
5334,1187,241226,9.8,Auto,35,2021-08-05
5335,1853,465775,7.07,Auto,57,2021-01-26
5336,1770,457421,16.51,Auto,54,2021-01-05
5337,1445,776054,5.13,Auto,18,2022-06-16
5338,1570,471691,16.47,Auto,6,2022-01-25
5339,1363,729701,12.43,Business,39,2022-07-25
5340,1123,891809,9.31,Home,20,2022-03-24
5341,1188,315007,14.4,Auto,49,2021-05-26
5342,1742,747197,11.6,Business,19,2022-01-23
5343,1680,75439,11.49,Home,34,2021-09-06
5344,1420,672554,6.43,Personal,39,2022-06-10
5345,1626,736747,10.06,Auto,23,2022-04-07
5346,1252,655649,8.13,Business,59,2021-01-13
5347,1619,222986,5.2,Personal,12,2022-01-19
5348,1549,207286,9.68,Business,34,2022-07-10
5349,1335,892608,6.17,Home,36,2022-02-03
5350,1092,502508,8.34,Home,30,2021-01-19
5351,1530,39777,6.2,Personal,43,2022-07-29
5352,1866,266427,6.31,Business,19,2022-05-06
5353,1063,691543,7.59,Auto,13,2022-02-23
5354,1662,430661,18.0,Auto,32,2021-12-03
5355,1512,208110,5.03,Personal,59,2022-02-23
5356,1139,359345,13.3,Personal,7,2022-09-04
5357,1698,943702,6.84,Personal,22,2022-11-06
5358,1185,424627,16.97,Business,42,2021-05-02
5359,1205,715937,6.22,Auto,19,2022-03-08
5360,1772,288011,17.42,Auto,30,2021-02-13
5361,1214,596789,12.94,Auto,35,2021-11-13
5362,1256,155338,5.02,Personal,34,2022-01-16
5363,1135,835854,16.62,Auto,25,2021-05-25
5364,1573,700568,11.78,Home,26,2021-11-23
5365,1875,511754,8.41,Personal,58,2021-12-29
5366,1822,655832,14.97,Auto,27,2021-02-19
5367,1088,434429,17.05,Business,40,2021-03-06
5368,1836,672727,11.29,Personal,42,2021-12-21
5369,1988,789518,9.1,Home,21,2021-06-13
5370,1207,569650,15.26,Home,55,2021-05-21
5371,1129,260449,13.86,Business,54,2021-05-08
5372,1823,323732,16.55,Business,48,2022-02-02
5373,1003,179357,14.0,Personal,22,2022-04-08
5374,1974,660971,8.17,Personal,21,2021-07-06
5375,1934,790445,17.11,Home,7,2021-07-09
5376,1754,215827,6.36,Business,9,2022-01-23
5377,1121,212918,8.48,Personal,26,2022-03-05
5378,1385,308451,11.76,Home,44,2021-10-11
5379,1614,352424,12.35,Business,39,2021-08-25
5380,1038,423083,5.2,Home,35,2021-07-13
5381,1341,852955,15.15,Auto,11,2021-10-14
5382,1925,933882,9.7,Business,22,2021-05-16
5383,1645,750045,10.28,Personal,44,2021-06-20
5384,1714,117669,15.52,Personal,30,2021-06-08
5385,1860,742318,9.93,Auto,10,2021-07-20
5386,1021,168998,5.61,Business,10,2022-05-02
5387,1242,637503,7.29,Home,25,2022-07-11
5388,1455,632995,17.43,Personal,21,2022-08-06
5389,1963,416396,5.92,Auto,56,2022-05-19
5390,1621,627125,9.61,Auto,46,2022-01-06
5391,1303,914502,11.54,Business,42,2021-04-13
5392,1596,964435,11.41,Business,45,2021-05-05
5393,1595,951518,5.05,Personal,14,2021-11-09
5394,1803,255847,11.52,Auto,10,2022-04-03
5395,1964,237544,9.99,Home,47,2021-08-18
5396,1069,876304,17.64,Auto,7,2022-10-20
5397,1129,986006,7.07,Home,14,2021-07-16
5398,1196,884168,9.6,Home,48,2022-02-27
5399,1140,277614,10.45,Personal,41,2022-07-26
5400,1444,237467,10.08,Auto,27,2022-09-02
5401,1283,156025,13.66,Home,27,2021-06-20
5402,1312,769940,7.8,Business,27,2022-01-17
5403,1746,966011,7.87,Home,39,2021-06-22
5404,1535,522177,14.48,Business,34,2022-10-25
5405,1665,889401,11.5,Business,43,2022-03-29
5406,1277,625781,10.4,Auto,51,2021-12-16
5407,1061,802955,7.2,Business,38,2022-09-26
5408,1319,227995,7.44,Home,23,2022-05-09
5409,1890,722550,5.14,Business,12,2022-09-12
5410,1052,975265,6.19,Auto,6,2021-01-04
5411,1856,303313,12.24,Personal,38,2021-04-03
5412,1153,579929,16.59,Home,6,2021-01-06
5413,1749,164062,8.73,Home,29,2021-10-15
5414,1311,563949,9.26,Auto,9,2022-09-10
5415,1814,678779,6.5,Auto,9,2021-05-26
5416,1544,810889,10.05,Auto,23,2022-02-28
5417,1567,864032,5.48,Auto,32,2022-08-31
5418,1864,637907,16.93,Home,48,2022-04-02
5419,1389,348246,13.75,Personal,37,2021-07-21
5420,1548,567373,17.88,Business,38,2021-07-31
5421,1622,107064,16.48,Business,33,2021-01-06
5422,1177,716014,11.15,Personal,47,2022-09-16
5423,1362,409346,11.76,Personal,46,2022-01-11
5424,1314,640011,7.48,Personal,41,2022-03-23
5425,1807,143114,11.01,Auto,11,2021-04-16
5426,1848,866566,16.74,Home,21,2022-10-13
5427,1097,839414,5.66,Home,39,2022-02-05
5428,1881,501638,16.23,Home,28,2021-04-06
5429,1213,861617,9.43,Auto,55,2022-01-23
5430,1829,567765,16.69,Home,47,2022-03-28
5431,1137,648449,17.23,Auto,29,2022-02-20
5432,1006,849141,13.72,Home,54,2022-05-19
5433,1109,694076,13.64,Personal,18,2022-03-30
5434,1547,350281,10.89,Business,23,2021-10-18
5435,1039,832450,15.86,Business,59,2022-06-18
5436,1662,149133,17.5,Auto,18,2021-07-12
5437,1425,673969,15.08,Home,54,2021-05-30
5438,1630,307515,13.09,Business,42,2022-05-30
5439,1261,775710,12.89,Personal,48,2022-01-28
5440,1426,355165,16.04,Personal,44,2021-11-12
5441,1087,424021,12.04,Personal,47,2021-03-17
5442,1465,280001,15.45,Auto,22,2022-08-22
5443,1076,676980,11.62,Auto,20,2021-09-27
5444,1471,542465,5.81,Home,23,2021-08-13
5445,1976,433327,9.99,Personal,28,2022-06-14
5446,1963,261842,10.78,Home,59,2021-04-23
5447,1414,360722,6.84,Home,56,2021-09-08
5448,1825,624229,6.33,Personal,35,2021-08-21
5449,1895,792409,11.96,Home,39,2021-03-24
5450,1726,546114,6.11,Business,9,2021-05-05
5451,1457,679250,8.94,Auto,8,2021-06-24
5452,1285,354572,14.68,Home,12,2021-03-10
5453,1239,520283,17.54,Personal,23,2021-02-16
5454,1677,660332,14.33,Auto,47,2021-09-13
5455,1599,723391,17.9,Auto,12,2021-01-30
5456,1653,522656,14.08,Home,45,2021-10-08
5457,1672,515350,8.82,Business,11,2021-08-25
5458,1558,347164,13.74,Home,27,2021-09-05
5459,1372,539783,14.13,Business,6,2022-01-03
5460,1495,38481,9.83,Auto,9,2022-05-10
5461,1624,676627,5.23,Home,51,2021-01-25
5462,1919,914329,14.14,Personal,54,2022-08-09
5463,1045,771062,5.28,Home,57,2022-05-05
5464,1401,147815,13.21,Business,55,2022-05-09
5465,1247,982304,7.13,Business,48,2021-11-10
5466,1616,637763,12.35,Home,34,2022-08-29
5467,1597,714133,11.55,Business,26,2022-01-10
5468,1450,329186,5.18,Auto,31,2022-10-01
5469,1485,59476,9.72,Home,19,2021-01-25
5470,1646,757465,12.81,Business,14,2021-11-30
5471,1620,300696,16.03,Home,52,2021-12-21
5472,1018,730602,16.55,Home,17,2021-04-26
5473,1606,448988,11.29,Personal,47,2021-02-17
5474,1662,971234,14.47,Home,56,2021-04-09
5475,1758,694308,9.11,Personal,56,2022-04-04
5476,1289,217383,9.45,Business,11,2022-06-07
5477,1414,79093,7.53,Personal,25,2022-08-20
5478,1721,603411,12.31,Personal,29,2022-02-09
5479,1638,26535,9.09,Personal,32,2021-08-02
5480,1235,338634,6.1,Auto,43,2022-11-16
5481,1416,580850,13.91,Personal,13,2022-05-18
5482,1938,391186,14.2,Home,6,2022-03-24
5483,1499,266323,9.68,Personal,59,2022-07-30
5484,1974,885512,6.0,Home,54,2021-09-15
5485,1634,268916,10.54,Personal,54,2021-05-01
5486,1650,723895,10.75,Auto,29,2021-02-23
5487,1115,240063,13.69,Business,52,2021-11-27
5488,1932,51269,9.1,Personal,12,2021-08-29
5489,1674,90674,13.87,Personal,24,2022-06-14
5490,1713,838894,16.33,Auto,27,2022-04-28
5491,1234,930631,8.09,Personal,40,2021-07-06
5492,1540,295291,17.73,Home,35,2022-10-18
5493,1011,448744,10.02,Personal,34,2021-09-19
5494,1206,611383,8.47,Personal,27,2021-12-30
5495,1679,778460,10.48,Business,16,2022-05-06
5496,1247,734291,6.23,Business,25,2022-03-07
5497,1559,100925,6.63,Personal,34,2021-08-27
5498,1758,600669,10.39,Auto,56,2021-10-31
5499,1127,633756,14.91,Business,46,2021-10-25
5500,1147,252330,16.7,Personal,47,2021-03-17
5501,1118,860181,13.64,Business,39,2022-12-01
5502,1911,966176,6.37,Personal,6,2021-11-29
5503,1382,23731,13.74,Business,36,2022-10-04
5504,1412,396791,13.26,Business,35,2022-04-19
5505,1664,982016,15.47,Home,53,2021-10-10
5506,1584,501874,15.73,Personal,23,2022-08-14
5507,1363,585312,16.29,Personal,22,2021-03-13
5508,1509,651000,10.38,Personal,43,2021-09-20
5509,1137,111121,14.07,Personal,19,2022-07-29
5510,1175,275976,8.49,Business,28,2021-01-12
5511,1289,566620,17.99,Home,30,2021-05-21
5512,1958,22467,7.28,Home,20,2022-07-09
5513,1481,51025,5.13,Auto,51,2021-01-17
5514,1019,154179,6.93,Personal,27,2021-03-04
5515,1195,87994,15.09,Auto,8,2021-09-10
5516,1330,104202,10.81,Business,24,2022-04-10
5517,1936,577769,10.82,Auto,49,2022-01-11
5518,1175,405797,17.42,Personal,39,2022-06-04
5519,1449,609406,16.96,Home,40,2021-03-31
5520,1925,396154,9.05,Home,55,2022-09-22
5521,1946,454854,7.72,Personal,6,2021-06-24
5522,1354,658002,16.03,Business,57,2021-03-17
5523,1499,935922,16.78,Personal,26,2022-09-05
5524,1141,758987,12.04,Business,34,2022-10-25
5525,1758,170185,13.18,Home,11,2022-02-04
5526,1897,94363,8.34,Business,42,2021-03-12
5527,1930,920039,15.41,Personal,6,2021-06-29
5528,1093,335188,13.22,Personal,56,2021-05-04
5529,1944,221027,11.55,Personal,6,2022-01-16
5530,1239,988534,5.78,Business,32,2021-10-20
5531,1205,283958,16.91,Business,26,2021-07-14
5532,1560,371484,13.0,Business,58,2021-08-16
5533,1433,282168,7.5,Home,21,2022-03-07
5534,1245,728648,12.88,Auto,49,2022-03-12
5535,1832,905668,13.81,Auto,59,2022-04-06
5536,1317,592124,11.84,Personal,45,2022-09-10
5537,1925,279579,14.34,Home,31,2021-01-21
5538,1295,994588,12.56,Business,21,2021-03-05
5539,1640,265095,17.32,Personal,33,2021-06-14
5540,1856,867033,5.7,Home,6,2021-01-27
5541,1282,491632,6.38,Personal,41,2021-11-07
5542,1017,271176,7.26,Home,15,2021-10-12
5543,1071,393015,13.97,Home,48,2022-10-22
5544,1269,259717,13.39,Auto,22,2021-10-08
5545,1325,668767,16.6,Personal,28,2021-06-13
5546,1794,895375,14.53,Business,12,2021-08-12
5547,1305,42940,11.61,Auto,49,2021-05-26
5548,1451,539954,17.89,Auto,58,2021-01-30
5549,1007,309266,8.46,Business,12,2021-02-14
5550,1314,915079,15.83,Home,49,2022-04-16
5551,1817,166164,10.55,Business,20,2021-02-03
5552,1103,926185,13.43,Personal,39,2022-10-15
5553,1821,919834,14.45,Business,51,2022-03-03
5554,1193,216717,13.24,Home,50,2021-08-09
5555,1753,373334,6.83,Business,9,2022-06-18
5556,1574,372612,10.76,Home,19,2022-11-23
5557,1529,925639,12.3,Home,19,2022-01-02
5558,1171,36505,16.04,Personal,21,2022-07-04
5559,1537,571001,10.77,Business,12,2022-08-05
5560,1251,457603,16.94,Business,37,2021-04-26
5561,1765,839601,10.72,Personal,24,2021-08-27
5562,1387,214354,12.13,Home,7,2021-12-01
5563,1207,611799,15.35,Business,15,2022-03-17
5564,1541,979246,12.58,Personal,55,2021-05-28
5565,1629,836954,17.48,Home,22,2021-01-09
5566,1416,222204,13.58,Personal,42,2021-10-15
5567,1794,260694,11.8,Business,17,2022-01-23
5568,1380,259836,5.31,Personal,11,2021-02-19
5569,1144,768849,10.38,Auto,27,2022-06-01
5570,1025,895829,8.89,Home,37,2022-09-30
5571,1822,538168,14.73,Auto,46,2022-08-10
5572,1668,446670,7.71,Auto,25,2022-11-08
5573,1073,983215,7.67,Home,6,2021-10-05
5574,1632,577827,7.46,Home,59,2021-10-27
5575,1824,250056,6.63,Personal,52,2022-08-12
5576,1833,995825,9.04,Home,58,2022-10-11
5577,1093,229057,16.52,Auto,11,2022-09-10
5578,1505,549087,15.07,Auto,24,2022-08-30
5579,1598,517800,14.56,Business,23,2021-05-15
5580,1336,114843,15.37,Home,11,2022-08-03
5581,1425,987606,8.5,Auto,50,2021-05-27
5582,1499,453942,16.54,Business,38,2022-05-05
5583,1364,58784,6.78,Business,28,2022-04-23
5584,1947,123034,9.37,Personal,28,2021-06-08
5585,1630,970837,12.63,Auto,31,2022-01-19
5586,1745,444044,6.34,Personal,18,2021-06-12
5587,1199,734886,14.49,Auto,12,2022-03-17
5588,1718,64362,10.03,Personal,20,2021-07-08
5589,1413,63997,15.2,Personal,49,2022-02-19
5590,1339,191413,11.41,Home,32,2021-12-05
5591,1659,422289,7.35,Personal,31,2022-08-30
5592,1962,374543,14.55,Home,38,2021-06-30
5593,1937,810981,8.28,Business,20,2021-10-15
5594,1429,853352,11.38,Auto,41,2021-07-06
5595,1783,750686,5.98,Business,50,2021-05-18
5596,1899,478731,13.03,Auto,32,2021-05-10
5597,1139,794752,13.66,Business,10,2021-07-13
5598,1693,423532,9.92,Auto,7,2021-11-12
5599,1942,167255,17.41,Personal,38,2021-05-24
5600,1542,890292,16.36,Auto,21,2021-01-16
5601,1057,558912,14.2,Auto,28,2021-10-29
5602,1232,727875,14.28,Business,43,2022-02-27
5603,1658,769072,8.28,Business,21,2021-09-02
5604,1435,488997,13.54,Business,19,2021-04-17
5605,1384,580993,7.58,Home,34,2021-03-29
5606,1560,623614,6.87,Home,31,2021-05-09
5607,1194,429972,17.99,Auto,40,2021-12-07
5608,1736,856822,13.09,Auto,20,2021-01-04
5609,1648,78369,10.6,Personal,8,2021-11-23
5610,1534,211893,8.75,Personal,28,2022-02-14
5611,1518,281733,12.85,Auto,34,2021-11-02
5612,1716,647300,5.64,Home,39,2022-08-30
5613,1751,941620,6.23,Auto,38,2021-08-13
5614,1185,869613,5.43,Personal,46,2021-12-14
5615,1872,710146,11.49,Home,46,2021-11-17
5616,1292,760046,12.81,Home,28,2022-07-13
5617,1335,657999,5.81,Personal,12,2021-06-30
5618,1732,86425,14.38,Auto,8,2022-09-10
5619,1116,957790,8.0,Business,37,2022-01-21
5620,1825,506297,13.91,Auto,36,2022-09-10
5621,1049,550282,17.76,Auto,23,2021-04-18
5622,1685,121915,13.98,Personal,48,2022-06-15
5623,1082,395105,16.48,Home,12,2022-02-14
5624,1834,493414,17.33,Personal,46,2021-10-23
5625,1333,114672,11.33,Auto,6,2021-06-20
5626,1557,823071,14.13,Business,19,2021-11-27
5627,1335,289349,16.08,Business,57,2022-05-08
5628,1532,328821,9.64,Business,37,2021-07-14
5629,1960,42930,8.4,Personal,11,2021-01-12
5630,1221,83313,17.31,Home,44,2021-07-14
5631,1635,759211,14.44,Personal,15,2022-05-05
5632,1746,123153,7.86,Business,12,2021-07-01
5633,1733,495725,10.84,Auto,31,2022-10-18
5634,1323,814748,15.35,Home,39,2021-11-12
5635,1851,954808,12.11,Personal,35,2022-11-25
5636,1003,242911,13.45,Personal,41,2021-01-30
5637,1694,106058,14.8,Home,26,2022-08-19
5638,1206,97876,13.09,Home,22,2022-11-09
5639,1832,619654,12.02,Auto,38,2021-04-06
5640,1040,547691,14.74,Home,15,2022-01-16
5641,1059,352196,14.46,Auto,56,2022-03-20
5642,1951,782838,13.19,Business,52,2021-10-25
5643,1574,271420,9.68,Business,47,2021-12-27
5644,1644,487843,10.28,Personal,56,2022-01-09
5645,1507,345639,17.62,Business,17,2022-07-08
5646,1572,173004,6.46,Business,21,2021-10-30
5647,1884,368234,8.49,Auto,46,2022-02-25
5648,1843,308845,11.4,Personal,37,2021-09-03
5649,1122,406601,15.88,Home,20,2021-08-25
5650,1479,786684,7.13,Personal,32,2022-06-18
5651,1619,591529,8.6,Business,33,2021-07-04
5652,1096,675727,5.86,Home,22,2022-04-13
5653,1859,75030,14.18,Personal,51,2021-12-29
5654,1414,711865,8.1,Personal,55,2021-10-10
5655,1235,174404,10.05,Personal,7,2022-07-07
5656,1898,217397,10.77,Personal,41,2021-12-02
5657,1062,962772,16.59,Auto,55,2021-06-11
5658,1256,489702,10.35,Personal,12,2021-06-09
5659,1561,428779,6.89,Business,18,2022-04-19
5660,1905,115185,11.82,Business,20,2022-08-24
5661,1348,46404,17.52,Auto,30,2021-11-18
5662,1671,65182,12.9,Home,28,2021-01-12
5663,1124,305135,17.78,Home,27,2022-02-28
5664,1482,638889,15.93,Business,31,2021-03-14
5665,1317,713023,5.47,Business,38,2022-08-11
5666,1504,862318,13.56,Auto,16,2021-07-20
5667,1719,656290,8.73,Home,15,2022-06-06
5668,1048,355992,12.28,Home,30,2022-05-20
5669,1409,951631,8.63,Personal,42,2022-11-19
5670,1932,854124,9.54,Personal,53,2021-02-08
5671,1136,235461,17.0,Personal,48,2021-03-01
5672,1201,833932,7.69,Auto,58,2022-08-01
5673,1250,830217,16.36,Business,43,2021-11-17
5674,1314,618434,5.4,Auto,46,2022-03-11
5675,1869,498195,6.18,Home,50,2022-09-28
5676,1368,582285,16.11,Business,29,2022-11-07
5677,1429,541458,13.2,Personal,45,2022-02-12
5678,1830,154375,14.71,Auto,51,2022-01-21
5679,1807,343887,7.72,Auto,38,2022-11-02
5680,1480,481068,11.98,Personal,22,2022-07-23
5681,1314,45187,14.58,Auto,29,2021-03-19
5682,1500,730394,13.16,Personal,42,2021-07-13
5683,1721,999280,11.13,Home,7,2021-10-12
5684,1355,667253,17.48,Business,37,2022-06-11
5685,1485,679113,13.79,Home,29,2022-06-08
5686,1211,48090,16.8,Home,14,2022-09-05
5687,1704,992426,14.49,Personal,9,2021-06-05
5688,1044,479984,14.56,Auto,22,2021-12-06
5689,1541,855844,6.04,Home,22,2021-05-05
5690,1571,787766,9.67,Home,58,2021-10-07
5691,1583,328174,16.16,Home,55,2022-09-14
5692,1092,551797,8.02,Auto,53,2022-10-20
5693,1265,78653,6.5,Auto,35,2022-11-05
5694,1895,702289,9.24,Personal,45,2021-05-08
5695,1220,401770,7.87,Home,16,2021-11-10
5696,1902,975795,17.03,Business,26,2021-11-28
5697,1925,276186,16.28,Auto,26,2021-05-30
5698,1442,203646,11.5,Personal,23,2022-03-30
5699,1401,309345,5.8,Home,34,2021-02-05
5700,1400,757642,14.29,Business,29,2022-11-16
5701,1727,548304,13.1,Auto,15,2022-02-24
5702,1991,297166,17.62,Business,50,2021-01-22
5703,1899,766322,12.27,Auto,22,2021-07-25
5704,1789,562226,9.37,Personal,23,2022-10-01
5705,1576,184750,11.75,Business,47,2021-12-22
5706,1858,914603,17.73,Home,53,2022-03-16
5707,1804,270710,14.05,Home,25,2021-04-06
5708,1490,242320,13.74,Auto,42,2021-06-13
5709,1485,858152,8.13,Home,50,2021-05-28
5710,1757,377658,14.67,Business,23,2022-06-14
5711,1470,722165,14.75,Personal,22,2021-10-21
5712,1574,667346,9.12,Auto,14,2021-07-14
5713,1938,86478,11.29,Business,19,2022-10-25
5714,1844,415377,8.83,Auto,54,2022-04-25
5715,1682,948193,8.36,Personal,34,2021-05-03
5716,1445,137101,5.34,Auto,36,2022-02-04
5717,1269,366843,8.71,Home,9,2022-11-30
5718,1267,726284,12.2,Home,23,2022-03-28
5719,1054,504527,5.02,Auto,25,2022-10-23
5720,1528,371417,8.68,Personal,52,2021-04-14
5721,1520,739668,16.46,Personal,48,2022-04-07
5722,1616,766488,12.72,Home,49,2022-01-31
5723,1059,598033,12.9,Personal,14,2021-12-03
5724,1825,142283,10.24,Auto,18,2022-08-22
5725,1040,403445,13.79,Business,20,2021-05-22
5726,1237,391116,7.47,Auto,32,2021-11-13
5727,1955,451758,15.64,Home,20,2022-07-12
5728,1386,941849,6.52,Home,33,2022-06-11
5729,1606,111489,13.53,Home,42,2022-07-10
5730,1734,566107,9.43,Personal,24,2022-02-05
5731,1716,57779,14.72,Auto,31,2022-11-12
5732,1650,747781,12.15,Business,57,2021-11-06
5733,1300,364388,10.88,Auto,31,2022-05-10
5734,1395,599872,7.2,Business,30,2022-07-10
5735,1207,423166,13.28,Auto,31,2022-09-02
5736,1336,680533,17.67,Home,31,2021-04-19
5737,1593,258815,15.73,Business,51,2022-01-07
5738,1730,854464,5.78,Auto,33,2022-09-08
5739,1514,387218,9.89,Personal,54,2021-07-25
5740,1178,371417,17.03,Personal,23,2021-02-12
5741,1396,824468,11.54,Auto,37,2021-09-02
5742,1371,264957,13.61,Home,58,2021-10-14
5743,1858,605644,16.86,Business,8,2021-12-21
5744,1791,155364,16.36,Auto,7,2022-04-21
5745,1658,537340,11.52,Personal,38,2021-03-24
5746,1318,316521,10.69,Business,47,2021-04-20
5747,1736,208910,9.42,Personal,24,2021-07-09
5748,1369,339963,14.35,Personal,22,2021-09-08
5749,1384,910121,8.73,Auto,49,2021-10-18
5750,1062,156692,8.25,Personal,38,2022-10-07
5751,1806,40461,9.63,Business,17,2021-07-20
5752,1505,817182,7.3,Home,54,2021-11-22
5753,1239,19472,14.04,Auto,8,2022-05-26
5754,1195,865695,13.01,Business,48,2022-02-13
5755,1678,122036,11.28,Auto,54,2022-08-30
5756,1963,198674,10.07,Personal,31,2022-05-23
5757,1222,297667,16.82,Personal,40,2022-08-24
5758,1061,696126,5.38,Business,13,2021-03-13
5759,1129,899694,15.0,Business,57,2021-09-04
5760,1990,600348,16.72,Home,41,2022-10-03
5761,1685,281223,10.8,Business,58,2022-08-31
5762,1992,673759,12.16,Business,59,2022-08-10
5763,1156,332870,17.28,Auto,12,2022-07-20
5764,1917,365050,7.76,Personal,51,2021-12-10
5765,1378,288676,11.76,Business,51,2021-02-23
5766,1622,919121,11.17,Home,41,2022-06-12
5767,1781,485573,8.36,Business,21,2022-09-03
5768,1923,53162,15.64,Personal,29,2022-06-16
5769,1868,931253,16.69,Business,59,2022-07-12
5770,1903,283497,15.17,Auto,6,2021-07-12
5771,1790,122313,7.54,Personal,54,2021-02-27
5772,1586,38477,6.13,Business,30,2022-03-13
5773,1999,689930,12.87,Auto,15,2021-04-21
5774,1437,96373,5.74,Personal,59,2021-05-09
5775,1975,938941,13.75,Business,21,2021-11-22
5776,1207,703464,11.9,Auto,21,2021-01-08
5777,1388,728730,13.62,Home,13,2021-01-29
5778,1480,538839,12.67,Auto,34,2021-04-22
5779,1791,78359,10.5,Home,44,2022-11-04
5780,1887,458096,7.61,Business,33,2021-05-11
5781,1838,153988,8.97,Auto,11,2021-07-07
5782,1984,136150,11.82,Home,21,2022-11-06
5783,1340,483919,13.47,Personal,25,2022-04-20
5784,1869,706805,15.13,Auto,21,2021-12-30
5785,1340,319780,14.97,Business,12,2021-07-23
5786,1204,477143,17.64,Personal,46,2021-07-31
5787,1161,826117,8.72,Home,19,2022-09-13
5788,1540,847566,5.92,Auto,48,2021-10-03
5789,1392,361060,9.49,Auto,31,2021-03-14
5790,1769,117967,14.66,Business,31,2022-11-10
5791,1677,104455,10.7,Personal,19,2021-08-31
5792,1575,793123,15.63,Auto,12,2021-04-12
5793,1534,471063,12.14,Auto,38,2022-11-16
5794,1070,967497,17.09,Personal,31,2021-06-20
5795,1893,185405,17.32,Auto,50,2022-10-15
5796,1405,249646,5.9,Personal,25,2021-07-07
5797,1608,199937,10.93,Personal,8,2022-03-17
5798,1675,482312,12.93,Personal,57,2021-03-27
5799,1591,846188,8.33,Business,9,2022-04-21
5800,1517,395007,10.29,Personal,31,2021-02-21
5801,1828,71192,13.81,Personal,16,2021-04-21
5802,1120,201758,7.95,Home,7,2021-02-12
5803,1814,845165,12.83,Home,19,2021-07-30
5804,1690,245161,14.07,Business,49,2021-07-19
5805,1688,822425,6.18,Personal,35,2022-09-19
5806,1902,695852,11.47,Home,54,2021-01-26
5807,1217,686341,8.42,Home,17,2021-10-26
5808,1056,296287,14.42,Auto,31,2021-03-18
5809,1366,725637,7.46,Personal,49,2021-05-17
5810,1699,117044,16.6,Home,38,2021-01-20
5811,1504,515173,10.6,Business,18,2022-03-16
5812,1744,191062,7.57,Auto,19,2021-07-30
5813,1767,662694,10.69,Auto,29,2022-07-05
5814,1925,466104,10.31,Personal,39,2022-03-11
5815,1455,79351,10.58,Personal,49,2021-07-26
5816,1104,500588,12.61,Auto,31,2022-03-15
5817,1077,715359,11.78,Business,26,2022-10-28
5818,1230,244085,6.95,Personal,33,2021-02-11
5819,1914,768171,5.85,Personal,53,2022-02-15
5820,1258,508095,14.48,Auto,41,2022-06-07
5821,1264,80309,12.28,Auto,45,2022-09-02
5822,1331,939950,9.67,Personal,7,2022-03-03
5823,1993,696093,15.51,Home,47,2021-10-02
5824,1182,129156,10.04,Personal,14,2022-03-24
5825,1893,348144,15.35,Home,28,2022-01-04
5826,1768,451848,8.97,Auto,20,2021-08-08
5827,1550,31576,5.95,Home,18,2022-07-31
5828,1688,537608,17.12,Business,28,2021-08-20
5829,1027,676110,10.13,Auto,22,2021-11-24
5830,1276,637290,15.31,Personal,53,2022-03-19
5831,1652,194535,8.63,Personal,7,2021-02-21
5832,1299,36572,13.4,Auto,25,2022-01-11
5833,1957,290092,16.35,Auto,25,2021-09-20
5834,1799,530114,5.54,Business,51,2021-09-24
5835,1091,650816,15.8,Auto,8,2021-12-25
5836,1480,704186,12.43,Personal,17,2021-11-13
5837,1573,99051,12.9,Business,45,2021-11-20
5838,1458,824299,11.8,Personal,7,2022-10-28
5839,1451,201303,16.37,Home,41,2022-10-14
5840,1365,993766,5.56,Auto,19,2022-07-17
5841,1859,756716,8.39,Home,21,2022-09-21
5842,1675,791700,16.38,Personal,24,2022-02-25
5843,1351,213305,14.78,Home,39,2021-02-15
5844,1655,316822,5.23,Home,49,2022-08-23
5845,1400,903993,11.72,Personal,51,2021-09-26
5846,1253,809395,11.88,Personal,11,2022-08-24
5847,1781,467576,10.21,Auto,18,2022-01-16
5848,1881,583722,8.87,Home,41,2021-04-28
5849,1803,76617,13.86,Business,27,2022-07-20
5850,1459,947773,7.7,Business,23,2021-04-26
5851,1699,651857,15.39,Personal,17,2022-09-22
5852,1917,741672,15.44,Personal,57,2021-09-17
5853,1499,893784,10.4,Home,59,2021-03-16
5854,1950,876164,8.69,Personal,35,2022-04-25
5855,1971,520874,8.69,Business,58,2021-11-01
5856,1926,379792,11.27,Auto,56,2021-01-07
5857,1508,91494,14.35,Auto,45,2022-01-01
5858,1304,754265,9.67,Home,12,2022-09-26
5859,1501,611513,12.93,Auto,37,2022-06-07
5860,1803,92867,9.97,Personal,53,2021-12-14
5861,1598,178600,8.96,Personal,24,2022-03-14
5862,1166,789957,5.32,Personal,11,2021-08-03
5863,1415,875404,5.05,Personal,25,2022-03-05
5864,1462,468818,7.95,Home,32,2022-05-13
5865,1920,892693,10.28,Auto,58,2022-06-24
5866,1114,625036,16.07,Business,48,2022-01-02
5867,1433,264265,15.38,Auto,42,2021-11-09
5868,1992,529493,8.47,Personal,53,2022-06-22
5869,1356,174404,8.18,Business,12,2021-02-23
5870,1928,920913,7.96,Home,10,2022-06-25
5871,1695,663817,9.41,Personal,16,2022-04-12
5872,1207,996710,11.48,Personal,20,2021-06-13
5873,1768,494353,10.7,Business,8,2021-11-30
5874,1235,274395,7.84,Home,10,2022-07-01
5875,1442,973221,6.7,Business,28,2021-12-14
5876,1355,895540,5.16,Home,58,2021-09-30
5877,1515,692387,7.0,Personal,42,2022-02-18
5878,1208,107382,14.17,Auto,14,2022-05-15
5879,1709,489767,8.17,Personal,20,2021-04-03
5880,1853,19583,11.09,Auto,8,2022-11-16
5881,1125,584675,12.69,Auto,34,2021-03-20
5882,1138,295248,16.53,Home,11,2022-09-14
5883,1339,546512,16.56,Business,22,2021-08-05
5884,1537,857056,14.69,Home,31,2021-12-24
5885,1068,459274,5.46,Personal,26,2022-09-10
5886,1573,900752,12.48,Business,13,2022-05-22
5887,1541,237444,15.23,Auto,26,2022-07-13
5888,1383,956803,5.22,Auto,16,2021-06-30
5889,1019,350716,12.15,Personal,43,2022-07-30
5890,1683,881901,16.15,Business,13,2021-09-03
5891,1450,874360,11.16,Personal,47,2021-09-01
5892,1074,476690,5.05,Personal,29,2022-05-21
5893,1573,276285,5.14,Home,40,2022-02-26
5894,1939,688710,10.42,Personal,19,2021-11-16
5895,1665,478298,7.02,Business,19,2021-03-28
5896,1276,867303,13.64,Personal,15,2021-08-05
5897,1048,146149,14.21,Business,17,2022-05-05
5898,1211,580303,7.31,Auto,43,2022-06-03
5899,1855,998651,16.55,Personal,49,2021-10-05
5900,1920,986684,10.74,Business,51,2021-06-18
5901,1651,181929,6.86,Auto,39,2021-11-26
5902,1622,766556,14.94,Business,46,2022-10-12
5903,1994,200912,15.27,Auto,15,2022-03-17
5904,1695,856334,13.31,Home,22,2022-01-26
5905,1540,15577,16.1,Personal,22,2022-05-11
5906,1709,816434,14.59,Personal,8,2022-01-16
5907,1191,60711,16.47,Auto,36,2021-11-02
5908,1315,573739,10.64,Home,56,2022-11-04
5909,1901,503027,14.72,Business,6,2022-05-28
5910,1563,714463,18.0,Home,17,2021-07-07
5911,1661,431863,14.42,Business,44,2022-05-31
5912,1780,569119,6.48,Business,9,2022-10-06
5913,1562,259402,11.74,Personal,47,2022-03-03
5914,1900,765664,12.64,Auto,18,2022-05-17
5915,1758,892930,7.26,Personal,39,2021-09-17
5916,1113,925381,17.52,Personal,47,2022-05-28
5917,1170,254942,7.28,Personal,26,2021-03-12
5918,1468,105119,7.31,Business,27,2022-04-23
5919,1678,863262,16.9,Personal,9,2021-06-27
5920,1921,352776,11.05,Business,23,2022-04-02
5921,1014,833265,5.82,Auto,10,2021-07-08
5922,1715,777754,12.78,Business,24,2021-10-18
5923,1288,758224,12.82,Business,7,2022-06-04
5924,1907,820830,5.84,Home,17,2021-10-19
5925,1189,595842,17.64,Personal,22,2022-09-27
5926,1914,60755,12.07,Personal,15,2021-10-10
5927,1155,945210,12.28,Personal,39,2022-06-28
5928,1567,163412,11.76,Personal,11,2022-01-12
5929,1694,861426,12.94,Home,13,2022-10-20
5930,1722,598172,8.44,Home,56,2021-06-05
5931,1888,880793,8.73,Home,16,2022-05-23
5932,1471,551770,11.65,Home,17,2022-02-17
5933,1075,64225,15.49,Personal,14,2022-06-12
5934,1277,199921,5.65,Business,7,2021-12-21
5935,1940,609142,12.84,Auto,13,2022-07-13
5936,1645,575544,15.49,Home,16,2021-07-06
5937,1343,250617,7.04,Business,58,2021-01-31
5938,1425,118721,5.2,Home,41,2021-09-17
5939,1571,615398,9.07,Personal,15,2022-02-25
5940,1511,123606,12.65,Personal,26,2022-06-13
5941,1857,548938,6.8,Business,25,2022-07-05
5942,1182,187190,10.54,Business,53,2021-10-31
5943,1458,38930,12.18,Business,13,2021-02-08
5944,1918,751067,12.79,Personal,41,2022-05-04
5945,1851,270102,8.57,Personal,34,2022-10-06
5946,1833,372544,10.2,Auto,47,2022-06-26
5947,1064,283945,15.12,Business,17,2022-11-01
5948,1839,585648,17.24,Auto,19,2021-10-05
5949,1260,884340,16.2,Home,53,2021-07-22
5950,1193,157631,12.34,Auto,59,2021-03-07
5951,1655,304478,10.33,Home,55,2021-04-18
5952,1616,246545,9.33,Home,26,2021-09-25
5953,1972,23288,6.62,Auto,27,2021-08-10
5954,1406,687758,6.39,Business,26,2022-06-14
5955,1726,217302,13.95,Home,49,2021-03-31
5956,1754,808623,8.38,Business,55,2022-11-24
5957,1943,290195,8.31,Personal,35,2021-09-12
5958,1721,71715,17.98,Home,44,2022-03-31
5959,1093,20737,7.44,Personal,25,2021-09-10
5960,1430,599428,6.92,Auto,29,2021-09-14
5961,1654,690611,6.28,Business,28,2022-01-18
5962,1434,192047,12.54,Auto,12,2022-03-18
5963,1404,277291,13.16,Home,14,2022-08-22
5964,1434,584796,9.75,Personal,6,2021-03-31
5965,1112,324368,11.96,Home,31,2022-01-25
5966,1929,291787,15.25,Auto,43,2022-08-05
5967,1375,311111,15.64,Business,43,2021-02-13
5968,1059,113535,17.45,Business,59,2022-10-26
5969,1043,837165,15.72,Home,49,2022-08-21
5970,1207,306952,12.34,Home,27,2021-01-19
5971,1780,522438,7.34,Personal,49,2021-04-11
5972,1296,732648,6.3,Auto,15,2022-08-30
5973,1118,593247,5.71,Home,11,2021-12-23
5974,1532,405065,13.66,Personal,22,2022-06-26
5975,1222,340322,15.5,Home,56,2021-02-02
5976,1166,732496,11.61,Business,55,2021-08-17
5977,1643,201812,5.71,Personal,43,2022-06-08
5978,1156,122255,11.96,Personal,29,2022-09-22
5979,1184,620610,17.16,Home,56,2021-06-04
5980,1090,840997,12.77,Auto,15,2022-02-27
5981,1094,947687,15.52,Business,13,2021-09-03
5982,1013,518522,15.4,Auto,26,2022-02-09
5983,1973,11132,17.12,Personal,11,2022-06-25
5984,1834,703619,15.01,Auto,26,2021-06-10
5985,1805,761972,14.72,Personal,44,2021-04-27
5986,1945,860100,8.04,Auto,29,2021-09-28
5987,1742,269427,5.78,Home,38,2022-11-23
5988,1834,441779,11.73,Auto,23,2022-05-02
5989,1804,495443,6.62,Personal,33,2021-06-21
5990,1438,643123,17.51,Business,57,2021-10-01
5991,1538,152003,8.77,Business,37,2021-09-16
5992,1587,792516,16.09,Business,17,2021-05-15
5993,1968,607457,10.04,Personal,53,2022-11-14
5994,1876,270529,9.2,Auto,47,2022-02-26
5995,1936,453855,17.16,Business,32,2022-02-25
5996,1811,263608,9.72,Business,15,2021-07-05
5997,1150,768673,10.07,Business,51,2021-12-30
5998,1660,724261,6.38,Home,57,2022-08-30
5999,1008,634705,13.72,Personal,47,2022-01-13
6000,1029,535332,8.75,Personal,37,2022-06-07
6001,1296,187763,12.61,Personal,47,2022-08-03
6002,1986,241807,12.69,Personal,31,2021-07-15
6003,1926,34363,14.35,Personal,30,2021-04-08
6004,1721,318838,14.69,Home,16,2022-08-28
6005,1640,404798,11.69,Auto,28,2021-01-22
6006,1340,994348,9.3,Home,39,2022-03-26
6007,1628,817733,15.89,Business,57,2021-06-21
6008,1439,346473,9.03,Home,45,2022-01-18
6009,1144,11620,11.6,Personal,28,2021-05-14
6010,1942,334368,10.22,Home,34,2022-03-02
6011,1830,459871,16.12,Personal,36,2021-01-25
6012,1747,105419,10.61,Home,12,2022-05-18
6013,1519,702894,10.02,Personal,45,2021-07-04
6014,1976,916482,13.97,Business,38,2021-03-26
6015,1045,506712,12.83,Personal,26,2022-07-21
6016,1955,966894,6.39,Home,7,2021-05-24
6017,1239,736989,11.61,Business,23,2022-11-10
6018,1952,852288,14.56,Home,52,2022-02-16
6019,1944,190324,17.9,Business,38,2021-08-12
6020,1155,327953,13.18,Auto,42,2021-08-08
6021,1181,556547,9.81,Auto,39,2021-06-28
6022,1215,30655,7.94,Auto,25,2022-09-23
6023,1088,960509,16.35,Home,40,2022-03-09
6024,1256,959133,15.59,Home,56,2021-09-22
6025,1511,951114,8.04,Business,55,2022-03-05
6026,1073,460400,7.61,Business,59,2022-10-24
6027,1931,31602,14.3,Business,23,2022-02-20
6028,1179,882377,9.09,Business,51,2022-03-29
6029,1212,676470,8.98,Personal,29,2021-07-16
6030,1805,933577,6.98,Auto,13,2022-07-08
6031,1234,897278,8.43,Personal,35,2021-02-22
6032,1465,352962,10.56,Personal,49,2022-04-25
6033,1751,937699,14.53,Personal,58,2022-03-19
6034,1223,535825,9.37,Personal,15,2021-11-26
6035,1631,420354,9.27,Auto,28,2021-09-08
6036,1825,971832,8.7,Personal,57,2021-05-03
6037,1264,790498,11.22,Business,54,2022-01-22
6038,1207,711562,7.35,Home,16,2021-12-05
6039,1607,181236,11.31,Business,7,2021-12-14
6040,1885,922977,14.15,Home,31,2021-01-29
6041,1734,99743,5.39,Business,41,2021-02-04
6042,1366,457875,5.13,Business,38,2022-06-02
6043,1276,96155,5.98,Home,52,2022-01-31
6044,1380,977196,11.96,Auto,18,2022-09-15
6045,1743,916630,16.11,Personal,45,2021-10-21
6046,1309,952349,5.06,Business,30,2022-08-12
6047,1631,99846,17.18,Auto,9,2021-12-15
6048,1268,768795,6.38,Personal,47,2021-05-27
6049,1945,302706,15.95,Auto,24,2021-03-08
6050,1785,824468,11.28,Auto,23,2022-06-04
6051,1064,726112,13.57,Personal,42,2021-05-02
6052,1810,870665,11.64,Business,35,2021-12-06
6053,1350,617337,11.2,Auto,24,2021-06-24
6054,1925,249647,15.85,Business,28,2022-11-22
6055,1915,340825,14.83,Business,59,2022-08-20
6056,1494,299962,11.28,Business,21,2022-03-27
6057,1523,958048,6.45,Personal,6,2022-07-11
6058,1098,858964,6.5,Home,17,2021-05-16
6059,1946,329849,15.42,Business,29,2021-01-16
6060,1071,554392,11.88,Home,39,2021-11-29
6061,1364,396480,11.26,Home,58,2021-07-14
6062,1570,662192,13.85,Auto,13,2022-05-11
6063,1802,866035,16.16,Business,23,2021-01-09
6064,1763,636787,13.18,Business,53,2021-11-30
6065,1276,855457,14.92,Business,10,2021-11-29
6066,1050,761624,14.95,Home,31,2021-11-23
6067,1358,828749,9.63,Personal,35,2021-01-15
6068,1728,434632,8.56,Home,59,2022-09-06
6069,1906,183084,15.42,Business,18,2021-08-14
6070,1928,534156,9.9,Business,24,2022-03-01
6071,1564,902017,16.74,Business,34,2022-02-12
6072,1783,471261,5.91,Home,8,2021-04-23
6073,1485,686760,5.76,Business,31,2022-03-04
6074,1084,320414,17.05,Auto,45,2021-01-01
6075,1899,213141,13.43,Business,17,2021-09-23
6076,1805,653703,9.93,Personal,7,2022-05-06
6077,1638,453049,14.82,Auto,16,2021-07-27
6078,1808,204716,13.74,Business,49,2022-09-14
6079,1584,614494,11.91,Auto,33,2022-01-04
6080,1296,341612,6.29,Business,23,2021-11-02
6081,1236,200545,15.56,Personal,18,2021-01-12
6082,1056,973313,16.26,Business,42,2021-12-11
6083,1919,441544,7.24,Auto,27,2022-04-10
6084,1360,440000,16.06,Personal,17,2022-12-01
6085,1907,33723,16.41,Home,7,2022-10-28
6086,1110,857078,12.14,Personal,42,2022-05-09
6087,1192,731615,13.53,Personal,12,2022-01-03
6088,1904,534362,9.97,Personal,31,2022-02-24
6089,1093,789533,8.66,Auto,31,2021-06-20
6090,1862,298642,14.39,Personal,29,2021-05-14
6091,1568,730882,16.2,Business,17,2022-03-03
6092,1060,631169,13.5,Personal,21,2021-01-25
6093,1650,423757,11.65,Personal,28,2022-06-14
6094,1039,580217,7.07,Business,45,2021-07-09
6095,1540,133199,5.69,Business,14,2021-05-21
6096,1049,241525,10.79,Home,37,2022-07-09
6097,1420,298172,5.64,Personal,20,2022-10-20
6098,1637,39545,12.4,Auto,42,2021-11-11
6099,1013,613857,9.98,Personal,18,2022-03-20
6100,1992,41673,14.84,Personal,10,2021-11-15
6101,1036,434190,8.97,Business,16,2022-03-17
6102,1101,462115,12.71,Home,15,2021-04-02
6103,1794,426313,11.99,Personal,57,2021-06-28
6104,1086,898943,5.06,Auto,18,2021-02-25
6105,1516,365288,5.94,Personal,46,2021-06-04
6106,1223,336968,8.77,Auto,58,2022-11-03
6107,1338,33525,16.47,Business,51,2021-04-21
6108,1960,592092,6.91,Home,55,2021-05-17
6109,1166,156115,14.24,Personal,20,2021-08-20
6110,1383,576134,17.65,Home,47,2022-04-13
6111,1856,87261,15.28,Personal,12,2022-04-26
6112,1895,767600,8.16,Auto,45,2021-03-09
6113,1376,510827,16.81,Home,33,2021-09-06
6114,1471,977731,6.21,Personal,37,2021-11-19
6115,1790,194100,11.09,Business,40,2022-06-02
6116,1642,964887,16.54,Auto,20,2022-03-08
6117,1031,825915,13.34,Home,53,2022-05-02
6118,1375,17265,10.38,Personal,41,2022-08-29
6119,1011,819195,8.81,Home,26,2022-03-05
6120,1988,216724,9.88,Personal,11,2021-09-26
6121,1302,25733,11.62,Auto,6,2022-06-21
6122,1096,908628,9.15,Business,9,2021-05-28
6123,1190,625326,17.6,Auto,16,2021-04-28
6124,1453,309564,17.13,Home,49,2022-01-02
6125,1192,674607,16.32,Home,31,2021-03-07
6126,1486,951344,10.48,Personal,42,2022-01-05
6127,1266,468365,13.99,Auto,28,2021-06-24
6128,1424,31058,16.74,Personal,34,2022-08-11
6129,1128,256301,16.06,Auto,26,2022-05-10
6130,1238,307073,10.39,Home,53,2021-04-24
6131,1920,172434,6.46,Personal,50,2021-04-21
6132,1355,620777,5.98,Personal,50,2022-03-15
6133,1940,618952,12.5,Auto,54,2021-05-27
6134,1112,712716,13.35,Business,32,2021-02-04
6135,1828,87597,16.05,Auto,44,2021-11-05
6136,1446,802473,8.8,Business,45,2022-06-22
6137,1343,88209,7.18,Auto,18,2021-01-14
6138,1145,792397,9.93,Home,28,2022-01-09
6139,1065,989458,9.6,Personal,21,2022-07-11
6140,1247,202941,6.72,Auto,35,2022-03-04
6141,1735,686419,13.74,Home,9,2021-08-21
6142,1991,634152,11.61,Auto,45,2022-07-17
6143,1490,972226,14.37,Personal,21,2022-10-25
6144,1825,158620,9.58,Auto,36,2022-03-16
6145,1439,418294,9.23,Business,58,2022-05-17
6146,1106,408635,11.14,Personal,47,2021-10-02
6147,1181,176562,16.41,Business,30,2021-03-17
6148,1184,217158,5.52,Home,49,2022-03-15
6149,1226,649446,15.46,Home,17,2022-11-30
6150,1777,986264,9.8,Auto,31,2021-10-16
6151,1790,957841,16.11,Business,42,2022-06-24
6152,1909,11468,15.43,Business,53,2022-11-23
6153,1089,296453,9.53,Personal,38,2021-09-10
6154,1688,993848,14.02,Business,33,2021-05-06
6155,1530,82255,7.08,Business,14,2021-06-26
6156,1371,792366,16.65,Personal,17,2021-02-06
6157,1972,878331,10.26,Personal,10,2022-02-14
6158,1936,563006,10.92,Business,59,2022-09-03
6159,1913,235409,14.17,Auto,57,2022-09-02
6160,1399,249967,15.67,Personal,59,2021-05-07
6161,1106,703201,8.07,Personal,33,2022-04-28
6162,1271,748925,13.6,Business,40,2021-06-17
6163,1975,974164,10.1,Business,10,2022-08-15
6164,1831,378697,9.79,Personal,39,2021-10-21
6165,1503,846713,13.97,Business,51,2022-09-30
6166,1679,385595,10.03,Personal,39,2021-12-09
6167,1525,257113,9.5,Auto,18,2021-11-06
6168,1849,797199,15.87,Auto,44,2022-10-24
6169,1032,407111,6.32,Personal,47,2022-06-12
6170,1393,592314,13.79,Personal,50,2022-06-24
6171,1040,914574,8.23,Home,53,2022-02-23
6172,1660,577256,5.2,Home,19,2022-03-20
6173,1218,705457,7.17,Business,16,2022-11-16
6174,1731,418548,12.89,Business,47,2022-07-12
6175,1981,155693,14.22,Personal,43,2021-08-24
6176,1082,611158,5.27,Personal,9,2022-03-15
6177,1845,552462,5.47,Home,58,2021-08-02
6178,1720,920789,16.73,Home,38,2021-03-26
6179,1201,895621,5.95,Personal,12,2021-03-26
6180,1447,574790,16.62,Auto,46,2022-05-04
6181,1844,308818,7.97,Auto,13,2021-03-06
6182,1428,571548,14.62,Business,42,2022-10-08
6183,1038,970002,9.03,Personal,56,2022-10-25
6184,1211,732969,16.16,Personal,15,2022-09-19
6185,1444,714824,14.11,Business,48,2021-03-05
6186,1327,606093,10.22,Home,20,2021-12-09
6187,1761,205991,5.99,Home,43,2021-12-18
6188,1227,793924,14.53,Auto,20,2021-06-07
6189,1048,195541,13.02,Personal,10,2022-08-12
6190,1018,27194,5.04,Home,34,2022-05-06
6191,1912,692171,5.12,Auto,24,2022-10-20
6192,1439,868809,15.51,Auto,59,2022-04-08
6193,1807,665152,8.37,Auto,56,2021-08-13
6194,1708,528953,13.27,Home,15,2021-11-09
6195,1187,578011,10.9,Home,17,2022-09-07
6196,1345,241408,16.22,Personal,59,2022-04-11
6197,1224,478451,16.92,Personal,9,2021-03-29
6198,1830,252113,17.96,Auto,36,2021-10-30
6199,1488,86298,7.0,Auto,23,2022-11-11
6200,1909,593526,16.22,Home,21,2022-03-11
